Workbook

Sheet Session Sheet
A1: BAKING STOCK CHECK SHEET
A2: Fill in BEFORE the bake and AFTER the bake. Next session's BEFORE = this sheet's AFTER.
A4: Date: | D4: Baker:
A5: Sheet No: | D5: Checked by:
A7: WHAT WAS BAKED? (tick) | D7: Batches | F7: Units made
A8: ☐ Oat & Raisin Cookies
A9: ☐ Chocolate Chip Cookies
A10: ☐ Strawberry Jam Tarts
A11: ☐ Dark Choc Chip Cookies
A12: ☐ Oatmeal Pies
A14: Ingredient | B14: Unit | C14: MIN STOCK | D14: BEFORE bake (amount in stock) | E14: USED in bake | F14: AFTER bake (Before - Used) | G14: BUY?
A15: ='Min Stock'!A5 -> Baker's Pride Flour | B15: ='Min Stock'!C5 -> g | C15: ='Min Stock'!I5 -> 1900 | F15: =IF(OR(D15="",E15=""),"",D15-E15) | G15: =IF(F15="","",IF(F15<=C15,"BUY",""))
A16: ='Min Stock'!A6 -> Granulated Sugar | B16: ='Min Stock'!C6 -> g | C16: ='Min Stock'!I6 -> 0 | F16: =IF(OR(D16="",E16=""),"",D16-E16) | G16: =IF(F16="","",IF(F16<=C16,"BUY",""))
A17: ='Min Stock'!A7 -> Castor Sugar | B17: ='Min Stock'!C7 -> g | C17: ='Min Stock'!I7 -> 1300 | F17: =IF(OR(D17="",E17=""),"",D17-E17) | G17: =IF(F17="","",IF(F17<=C17,"BUY",""))
A18: ='Min Stock'!A8 -> Icing Sugar | B18: ='Min Stock'!C8 -> g | C18: ='Min Stock'!I8 -> 900 | F18: =IF(OR(D18="",E18=""),"",D18-E18) | G18: =IF(F18="","",IF(F18<=C18,"BUY",""))
A19: ='Min Stock'!A9 -> Wright Oats | B19: ='Min Stock'!C9 -> g | C19: ='Min Stock'!I9 -> 900 | F19: =IF(OR(D19="",E19=""),"",D19-E19) | G19: =IF(F19="","",IF(F19<=C19,"BUY",""))
A20: ='Min Stock'!A10 -> Safari Raisins | B20: ='Min Stock'!C10 -> g | C20: ='Min Stock'!I10 -> 500 | F20: =IF(OR(D20="",E20=""),"",D20-E20) | G20: =IF(F20="","",IF(F20<=C20,"BUY",""))
A21: ='Min Stock'!A11 -> Chocolate Chips | B21: ='Min Stock'!C11 -> g | C21: ='Min Stock'!I11 -> 600 | F21: =IF(OR(D21="",E21=""),"",D21-E21) | G21: =IF(F21="","",IF(F21<=C21,"BUY",""))
A22: ='Min Stock'!A12 -> Royal Baking Powder | B22: ='Min Stock'!C12 -> g | C22: ='Min Stock'!I12 -> 10 | F22: =IF(OR(D22="",E22=""),"",D22-E22) | G22: =IF(F22="","",IF(F22<=C22,"BUY",""))
A23: ='Min Stock'!A13 -> Bicarbonate of Soda | B23: ='Min Stock'!C13 -> g | C23: ='Min Stock'!I13 -> 36 | F23: =IF(OR(D23="",E23=""),"",D23-E23) | G23: =IF(F23="","",IF(F23<=C23,"BUY",""))
A24: ='Min Stock'!A14 -> Cerebos Iodated Salt | B24: ='Min Stock'!C14 -> g | C24: ='Min Stock'!I14 -> 30 | F24: =IF(OR(D24="",E24=""),"",D24-E24) | G24: =IF(F24="","",IF(F24<=C24,"BUY",""))
A25: ='Min Stock'!A15 -> Ina Paarman Cinnamon | B25: ='Min Stock'!C15 -> g | C25: ='Min Stock'!I15 -> 6 | F25: =IF(OR(D25="",E25=""),"",D25-E25) | G25: =IF(F25="","",IF(F25<=C25,"BUY",""))
A26: ='Min Stock'!A16 -> Sunshine Margarine | B26: ='Min Stock'!C16 -> g | C26: ='Min Stock'!I16 -> 1000 | F26: =IF(OR(D26="",E26=""),"",D26-E26) | G26: =IF(F26="","",IF(F26<=C26,"BUY",""))
... A32: ='Min Stock'!A22 -> Ivor Cornflour | B32: ='Min Stock'!C22 -> g | C32: ='Min Stock'!I22 -> 180 | F32: =IF(OR(D32="",E32=""),"",D32-E32) | G32: =IF(F32="","",IF(F32<=C32,"BUY",""))
A34: Notes / spillage / wastage:
A37: Units: g = grams | ml = millilitres | eggs = count. Ingredient at or below MIN STOCK after bake = mark BUY and add to shopping list. Weigh in grams (1 kg = 1,000 g).

Sheet Min Stock
A1: Minimum Stock Levels - Reorder Trigger
A2: Rule: minimum = enough for a DOUBLE batch of Oat & Raisin AND a DOUBLE batch of Choc Chip (2 x (Oat&Raisin + Choc Chip)). Items used by neither (jam, cornflour, icing sugar for tarts/pies, cinnamon, oil) use a double batch of the biggest recipe that uses them. Type a number in the yellow 'Your Override' column to set your own minimum.
A4: Ingredient | B4: Category | C4: Unit | D4: Pack Size | E4: Pack Price (E) | F4: Supplier | G4: Calculated Min | H4: Your Override | I4: MIN STOCK (used) | J4: Packs to Buy Back to Min* | K4: Cost per Unit (E) | L4: Note
A5: Baker's Pride Flour | B5: Dry goods | C5: g | D5: 5000 | E5: 85 | F5: Baker's Pride | G5: =IF(2*(Recipes!C6+Recipes!D6)>0,2*(Recipes!C6+Recipes!D6),2*MAX(Recipes!E6:G6)) -> 1900 | I5: =IF(H5<>"",H5,G5) -> 1900 | J5: =IF(I5=0,0,ROUNDUP(I5/D5,0)) -> 1 | K5: =E5/D5 -> 0.017
A6: Granulated Sugar | B6: Preserves | C6: g | D6: 200 | E6: 52 | F6: Shoprite | G6: =IF(2*(Recipes!C7+Recipes!D7)>0,2*(Recipes!C7+Recipes!D7),2*MAX(Recipes!E7:G7)) -> 0 | I6: =IF(H6<>"",H6,G6) -> 0 | J6: =IF(I6=0,0,ROUNDUP(I6/D6,0)) -> 0 | K6: =E6/D6 -> 0.26 | L6: Not in any recipe - set your own minimum in yellow
A7: Castor Sugar | B7: Dry goods | C7: g | D7: 1000 | E7: 29 | F7: Shoprite | G7: =IF(2*(Recipes!C8+Recipes!D8)>0,2*(Recipes!C8+Recipes!D8),2*MAX(Recipes!E8:G8)) -> 1300 | I7: =IF(H7<>"",H7,G7) -> 1300 | J7: =IF(I7=0,0,ROUNDUP(I7/D7,0)) -> 2 | K7: =E7/D7 -> 0.029
A8: Icing Sugar | B8: Dry goods | C8: g | D8: 1000 | E8: 29 | F8: Shoprite | G8: =IF(2*(Recipes!C9+Recipes!D9)>0,2*(Recipes!C9+Recipes!D9),2*MAX(Recipes!E9:G9)) -> 900 | I8: =IF(H8<>"",H8,G8) -> 900 | J8: =IF(I8=0,0,ROUNDUP(I8/D8,0)) -> 1 | K8: =E8/D8 -> 0.029
A9: Wright Oats | B9: Dry goods | C9: g | D9: 1000 | E9: 38 | F9: Shoprite | G9: =IF(2*(Recipes!C10+Recipes!D10)>0,2*(Recipes!C10+Recipes!D10),2*MAX(Recipes!E10:G10)) -> 900 | I9: =IF(H9<>"",H9,G9) -> 900 | J9: =IF(I9=0,0,ROUNDUP(I9/D9,0)) -> 1 | K9: =E9/D9 -> 0.038
A10: Safari Raisins | B10: Fruit | C10: g | D10: 1000 | E10: 100 | F10: Safari | G10: =IF(2*(Recipes!C11+Recipes!D11)>0,2*(Recipes!C11+Recipes!D11),2*MAX(Recipes!E11:G11)) -> 500 | I10: =IF(H10<>"",H10,G10) -> 500 | J10: =IF(I10=0,0,ROUNDUP(I10/D10,0)) -> 1 | K10: =E10/D10 -> 0.1
A11: Chocolate Chips | B11: Chocolate | C11: g | D11: 1000 | E11: 100 | F11: Callebaut | G11: =IF(2*(Recipes!C12+Recipes!D12)>0,2*(Recipes!C12+Recipes!D12),2*MAX(Recipes!E12:G12)) -> 600 | I11: =IF(H11<>"",H11,G11) -> 600 | J11: =IF(I11=0,0,ROUNDUP(I11/D11,0)) -> 1 | K11: =E11/D11 -> 0.1
A12: Royal Baking Powder | B12: Raising agents | C12: g | D12: 200 | E12: 38 | F12: Royal | G12: =IF(2*(Recipes!C13+Recipes!D13)>0,2*(Recipes!C13+Recipes!D13),2*MAX(Recipes!E13:G13)) -> 10 | I12: =IF(H12<>"",H12,G12) -> 10 | J12: =IF(I12=0,0,ROUNDUP(I12/D12,0)) -> 1 | K12: =E12/D12 -> 0.19
A13: Bicarbonate of Soda | B13: Raising agents | C13: g | D13: 200 | E13: 30 | F13: Shoprite | G13: =IF(2*(Recipes!C14+Recipes!D14)>0,2*(Recipes!C14+Recipes!D14),2*MAX(Recipes!E14:G14)) -> 36 | I13: =IF(H13<>"",H13,G13) -> 36 | J13: =IF(I13=0,0,ROUNDUP(I13/D13,0)) -> 1 | K13: =E13/D13 -> 0.15
A14: Cerebos Iodated Salt | B14: Dry goods | C14: g | D14: 500 | E14: 8 | F14: Shoprite | G14: =IF(2*(Recipes!C15+Recipes!D15)>0,2*(Recipes!C15+Recipes!D15),2*MAX(Recipes!E15:G15)) -> 30 | I14: =IF(H14<>"",H14,G14) -> 30 | J14: =IF(I14=0,0,ROUNDUP(I14/D14,0)) -> 1 | K14: =E14/D14 -> 0.016
A15: Ina Paarman Cinnamon | B15: Spices | C15: g | D15: 50 | E15: 22 | F15: Shoprite | G15: =IF(2*(Recipes!C16+Recipes!D16)>0,2*(Recipes!C16+Recipes!D16),2*MAX(Recipes!E16:G16)) -> 6 | I15: =IF(H15<>"",H15,G15) -> 6 | J15: =IF(I15=0,0,ROUNDUP(I15/D15,0)) -> 1 | K15: =E15/D15 -> 0.44
A16: Sunshine Margarine | B16: Fats | C16: g | D16: 500 | E16: 18 | F16: Sunshine | G16: =IF(2*(Recipes!C17+Recipes!D17)>0,2*(Recipes!C17+Recipes!D17),2*MAX(Recipes!E17:G17)) -> 1000 | I16: =IF(H16<>"",H16,G16) -> 1000 | J16: =IF(I16=0,0,ROUNDUP(I16/D16,0)) -> 2 | K16: =E16/D16 -> 0.036
A17: Sunfoil Cooking Oil | B17: Fats | C17: ml | D17: 750 | E17: 32 | F17: Shoprite | G17: =IF(2*(Recipes!C18+Recipes!D18)>0,2*(Recipes!C18+Recipes!D18),2*MAX(Recipes!E18:G18)) -> 10 | I17: =IF(H17<>"",H17,G17) -> 10 | J17: =IF(I17=0,0,ROUNDUP(I17/D17,0)) -> 1 | K17: =E17/D17 -> 0.042666667
A18: Full Cream Milk | B18: Dairy | C18: ml | D18: 1000 | E18: 18 | F18: Shoprite | G18: =IF(2*(Recipes!C19+Recipes!D19)>0,2*(Recipes!C19+Recipes!D19),2*MAX(Recipes!E19:G19)) -> 0 | I18: =IF(H18<>"",H18,G18) -> 0 | J18: =IF(I18=0,0,ROUNDUP(I18/D18,0)) -> 0 | K18: =E18/D18 -> 0.018 | L18: Not in any recipe - set your own minimum in yellow
A19: Large Eggs | B19: Dairy | C19: each | D19: 30 | E19: 52 | F19: Shoprite | G19: =IF(2*(Recipes!C20+Recipes!D20)>0,2*(Recipes!C20+Recipes!D20),2*MAX(Recipes!E20:G20)) -> 12 | I19: =IF(H19<>"",H19,G19) -> 12 | J19: =IF(I19=0,0,ROUNDUP(I19/D19,0)) -> 1 | K19: =E19/D19 -> 1.7333333
A20: Brown & Polson Vanilla Essence | B20: Flavourings | C20: ml | D20: 100 | E20: 28 | F20: Shoprite | G20: =IF(2*(Recipes!C21+Recipes!D21)>0,2*(Recipes!C21+Recipes!D21),2*MAX(Recipes!E21:G21)) -> 30 | I20: =IF(H20<>"",H20,G20) -> 30 | J20: =IF(I20=0,0,ROUNDUP(I20/D20,0)) -> 1 | K20: =E20/D20 -> 0.28
A21: AG Jam | B21: Preserves | C21: g | D21: 900 | E21: 100 | F21: AG Foods | G21: =IF(2*(Recipes!C22+Recipes!D22)>0,2*(Recipes!C22+Recipes!D22),2*MAX(Recipes!E22:G22)) -> 800 | I21: =IF(H21<>"",H21,G21) -> 800 | J21: =IF(I21=0,0,ROUNDUP(I21/D21,0)) -> 1 | K21: =E21/D21 -> 0.11111111
A22: Ivor Cornflour | B22: Dry goods | C22: g | D22: 500 | E22: 24 | F22: Shoprite | G22: =IF(2*(Recipes!C23+Recipes!D23)>0,2*(Recipes!C23+Recipes!D23),2*MAX(Recipes!E23:G23)) -> 180 | I22: =IF(H22<>"",H22,G22) -> 180 | J22: =IF(I22=0,0,ROUNDUP(I22/D22,0)) -> 1 | K22: =E22/D22 -> 0.048
A24: *Packs to Buy = how many packs cover one full minimum level (guide only). Blue = typed-in from your price list. Pack sizes/prices from your supplier list.

Sheet Recipes
A1: Recipe quantities per 1 batch (from your recipes)
A2: Blue = typed-in from your recipes. Edit here if a recipe changes; Min Stock updates automatically.
A4: Ingredient | B4: Unit | C4: Oat & Raisin Cookies | D4: Chocolate Chip Cookies | E4: Strawberry Jam Tarts | F4: Dark Choc Chip Cookies | G4: Oatmeal Pies
A5: Yield per batch | C5: 24 cookies | D5: 25 cookies | E5: 15 tarts | F5: 25 cookies | G5: 24 cookies = 12 pies
A6: Baker's Pride Flour | B6: g | C6: 450 | D6: 500 | E6: 150 | F6: 450 | G6: 200
A7: Granulated Sugar | B7: g | C7: 0 | D7: 0 | E7: 0 | F7: 0 | G7: 0
A8: Castor Sugar | B8: g | C8: 400 | D8: 250 | E8: 110 | F8: 200 | G8: 300
A9: Icing Sugar | B9: g | C9: 0 | D9: 0 | E9: 20 | F9: 0 | G9: 450
A10: Wright Oats | B10: g | C10: 450 | D10: 0 | E10: 0 | F10: 0 | G10: 500
A11: Safari Raisins | B11: g | C11: 250 | D11: 0 | E11: 0 | F11: 0 | G11: 0
A12: Chocolate Chips | B12: g | C12: 0 | D12: 300 | E12: 0 | F12: 350 | G12: 0
A13: Royal Baking Powder | B13: g | C13: 5 | D13: 0 | E13: 5 | F13: 0 | G13: 8
A14: Bicarbonate of Soda | B14: g | C14: 8 | D14: 10 | E14: 0 | F14: 10 | G14: 0
A15: Cerebos Iodated Salt | B15: g | C15: 5 | D15: 10 | E15: 0 | F15: 8 | G15: 3
A16: Ina Paarman Cinnamon | B16: g | C16: 0 | D16: 0 | E16: 0 | F16: 3 | G16: 0
A17: Sunshine Margarine | B17: g | C17: 250 | D17: 250 | E17: 0 | F17: 250 | G17: 0
... A23: Ivor Cornflour | B23: g | C23: 0 | D23: 0 | E23: 90 | F23: 0 | G23: 0
A25: Note: Jam Tarts (85 g) and Oatmeal Pies (200 g) each list an 'Unknown' ingredient in your recipe - not included here. Add a row once you confirm what it is (likely a fat such as margarine).

Sheet How to Use
A1: HOW TO USE THIS WORKBOOK
A3: 1. PRINT the 'Session Sheet' tab (1 page, A4). Print one copy per bake session.
A4: 2. BEFORE baking: the baker weighs/counts what is in stock and writes it in the BEFORE column (use the previous sheet's AFTER as a check).
A5: 3. Tick which recipe(s) were baked, and write the number of batches and units made.
A6: 4. AFTER baking: write how much of each ingredient was USED, then AFTER = BEFORE - USED.
A7: 5. If AFTER is at or below MIN STOCK (grey column) write BUY - it goes on the shopping list.
A8: 6. Change minimums any time on the 'Min Stock' tab (yellow column). Change recipes on the 'Recipes' tab.
A10: WORKED EXAMPLE (for illustration only - not on the print sheet)
A11: Baker's Pride Flour: BEFORE 4,000 g | Choc Chip batch used 500 g | AFTER = 3,500 g | Minimum is 1,900 g so no need to buy yet.
A12: Large Eggs: BEFORE 14 | USED 6 (2 batches) | AFTER = 8 | Minimum is 12 eggs, so 8 is at/below minimum => write BUY.
A14: EDITABLE CELLS: blue text = typed-in numbers (prices, recipe amounts), yellow fill = your override minimums.
A15: If you fill the Session Sheet on a computer, AFTER and BUY? calculate automatically.
A16: ASSUMPTION: minimum = double batch of Oat & Raisin + double batch of Choc Chip together (from your instruction).
